{
  "device": "Tesla T4",
  "classifier_latency_ms_per_sample": 0.2602217346429825,
  "detector_latency_ms_per_image": 7.85389170050621,
  "detector_fps": 127.32541243668366,
  "drift_latency_ms_per_120h_track": 178.25496196746826
}